,Lat,Lng
384,39.105094, -94.599678
385,39.051476, -94.581738
398,39.035286, -94.495582
410,39.198787, -94.620837
419,38.970664, -94.59528
429,39.225092, -94.648454
457,38.926498, -94.518965
459,39.069476, -94.541173
469,39.033747, -94.41578
509,39.033747, -94.41578
517,38.942021, -94.607128
527,38.983381, -94.6016
545,39.152142, -94.477208
547,39.090303, -94.512662
552,39.041419, -94.572964
564,39.056941, -94.547814
574,39.10003, -94.585827
580,39.248754, -94.593197
607,39.116993, -94.526883
623,39.069121, -94.585387
626,39.152142, -94.477208
682,39.026677, -94.533668
693,38.958465, -94.488186
702,39.093106, -94.533265
707,39.074714, -94.547993
715,39.051373, -94.595768
739,39.104748, -94.50687
783,39.106774, -94.563904
792,38.971462, -94.605386
797,39.110335, -94.580974
811,39.070268, -94.571333
819,39.258572, -94.526178
835,39.069128, -94.529706
867,38.975286, -94.492262
872,39.102357, -94.58304
878,39.056624, -94.587312
891,39.05806, -94.594148
909,39.137295, -94.496032
945,39.288064, -94.550991
946,39.208751, -94.648796
967,39.030843, -94.439078
977,39.110855, -94.578417
980,39.034299, -94.510631
988,38.957148, -94.547882
997,38.932796, -94.543388
1013,39.074444, -94.51803
1035,39.009697, -94.484166
1040,39.26915, -94.669477
1041,39.079283, -94.52356
1043,39.034957, -94.588471
1045,39.105558, -94.529172
1067,39.252223, -94.655534
1081,39.157099, -94.54086
1083,39.040503, -94.59165
1090,39.106862, -94.566493
1096,39.037199, -94.548691
1119,38.882537, -94.589873
1126,39.108357, -94.48315
1134,39.11291, -94.527097
1148,39.010585, -94.488973
1151,39.269826, -94.455647
1199,39.048835, -94.574916
1216,39.280339, -94.470461
1228,38.990112, -94.566164
1245,39.296623, -94.683361
1257,39.11121, -94.534929
1265,39.090825, -94.552223
1286,39.250169, -94.568765
1299,39.047643, -94.447644
1313,38.991554, -94.575658
1317,39.114459, -94.523252
1322,38.966498, -94.50055
1326,39.240456, -94.658045
1327,39.052858, -94.591462
1341,39.034743, -94.583428
1343,39.105988, -94.54185
1345,39.025632, -94.53321
1361,39.042437, -94.595019
1366,38.927435, -94.521533
1380,38.948277, -94.582353
1381,39.03207, -94.464909
1389,39.094148, -94.523392
1392,39.094188, -94.537443
1394,38.936735, -94.480303
1414,39.002643, -94.558847
1420,39.235373, -94.660188
1421,39.183297, -94.500578
1423,39.057261, -94.604964
1432,39.179899, -94.52582
1438,39.033747, -94.41578
1480,39.050123, -94.55603
1497,39.120394, -94.5622
1506,38.997741, -94.593148
1532,39.043742, -94.44374
1540,39.112979, -94.534177
1563,38.975728, -94.573914
1595,39.223384, -94.595432
1600,39.301331, -94.6817
1622,39.040783, -94.603542
1628,39.111379, -94.580983
1636,39.242051, -94.461697
1657,39.104507, -94.502799
1660,39.191353, -94.560849
1671,39.050432, -94.565336
1677,39.100489, -94.563943
1684,39.108873, -94.520058
1705,39.273974, -94.665975
1712,39.120064, -94.543983
1718,39.09693, -94.537675
1727,38.878944, -94.590375
1742,39.168919, -94.496877
1761,39.271923, -94.558878
1773,39.11451, -94.524402
1775,39.052791, -94.591596
1820,39.040779, -94.588826
1876,39.09565, -94.576681
1881,39.030232, -94.560776
1891,39.252223, -94.655534
1912,38.919601, -94.521064
1919,39.285851, -94.570811
1935,39.170736, -94.598678
1944,39.095901, -94.584533
1948,38.971462, -94.605386
1954,38.971462, -94.605386
1962,38.971462, -94.605386
1975,38.925585, -94.530583
1976,39.075253, -94.583302
1977,39.168919, -94.496877
1980,39.100452, -94.545793
1981,38.956838, -94.486708
2003,39.024435, -94.518248
2015,39.070827, -94.58533
2018,39.007141, -94.559903
2027,39.098842, -94.550832
2033,39.034179, -94.592024
2037,39.048055, -94.552824
2062,39.110855, -94.578417
2117,38.971462, -94.605386
2172,39.215363, -94.648319
2177,39.100795, -94.581248
2193,39.184283, -94.551814
2225,39.083241, -94.523647
2230,39.099565, -94.539856
2240,39.10102, -94.579669
2248,39.10002, -94.585576
2249,38.925134, -94.566252
2268,39.11451, -94.524402
2286,39.186619, -94.543733
2305,38.940034, -94.521339
2311,39.10002, -94.585576
2314,39.047362, -94.53439
2323,39.05264, -94.580792
2361,39.120394, -94.5622
2421,39.299407, -94.583594
2444,38.920964, -94.553538
2489,38.919204, -94.515429
2515,39.003182, -94.550821
2521,39.026987, -94.573804
2527,39.21227, -94.605586
2572,39.168919, -94.496877
2574,39.064055, -94.540473
2580,39.082902, -94.549899
2600,39.03326, -94.49678
2608,38.933779, -94.508101
2640,39.17152, -94.545943
2679,39.041069, -94.582361
2710,39.108701, -94.518912
2713,39.108357, -94.48315
2740,38.971462, -94.605386
2758,38.89203, -94.595109
2804,38.911391, -94.519205
2811,38.998349, -94.564385
2825,39.112514, -94.524525
2830,39.24853, -94.641213
2849,39.082082, -94.530937
2857,39.069731, -94.549353
2885,39.165471, -94.416315
2891,39.175771, -94.574419
2899,39.033747, -94.41578
2901,38.997893, -94.554864
2903,39.05701, -94.550043
2932,38.945313, -94.512407
2935,38.882537, -94.589873
2947,38.924532, -94.505289
2949,39.252014, -94.698089
2965,39.093332, -94.580055
2976,39.074112, -94.579875
2978,39.221328, -94.668464
2985,39.049925, -94.553884
2996,39.036395, -94.567796
3026,39.131615, -94.531011
3027,38.962429, -94.488251
3058,39.062197, -94.539394
3061,38.960223, -94.475744
3062,38.932796, -94.543388
3078,39.252223, -94.655534
3096,39.117823, -94.511663
3114,39.189205, -94.556734
3149,39.061754, -94.579947
3177,39.110818, -94.583675
3185,39.184283, -94.551814
3210,38.971462, -94.605386
3211,38.992745, -94.605769
3227,39.293653, -94.684662
3248,39.036183, -94.540744
3255,38.888707, -94.475554
3290,38.976247, -94.559136
3302,39.056692, -94.540809
3311,39.068419, -94.584002
3313,39.040806, -94.604705
3314,39.05264, -94.580792
3324,39.248754, -94.593197
3336,39.166088, -94.484629
3360,39.044153, -94.44773
3364,39.09565, -94.576681
3366,39.025653, -94.428452
3369,39.033747, -94.41578
3382,39.184283, -94.551814
3416,38.929141, -94.52293
3417,38.970664, -94.59528
3425,39.033747, -94.41578
3426,39.055047, -94.593128
3449,39.033747, -94.41578
3463,39.236635, -94.66565
3473,38.938367, -94.594238
3479,39.035097, -94.498842
3481,39.200983, -94.517132
3493,39.266865, -94.665075
3504,39.103925, -94.592065
3525,39.063426, -94.576334
3533,38.971462, -94.605386
3539,39.304425, -94.46637
3585,39.10091, -94.577328
3599,39.086379, -94.575724
3602,39.033747, -94.41578
3632,39.04855, -94.566739
3666,38.935454, -94.58709
3672,39.069837, -94.586984
3698,39.184283, -94.551814
3711,39.09687, -94.583329
3717,39.033747, -94.41578
3731,39.033747, -94.41578
3732,39.175643, -94.516699
3734,39.11291, -94.527097
3766,39.082596, -94.538402
3768,38.995156, -94.577755
3785,38.918989, -94.593082
3799,39.059746, -94.583565
3813,39.092893, -94.519448
3828,39.103025, -94.537363
3842,39.056624, -94.587312
3850,38.926329, -94.511269
3898,39.033747, -94.41578
3929,38.971462, -94.605386
3944,38.941985, -94.511819
3947,39.15001, -94.484286
3970,39.097601, -94.514422
3986,39.003351, -94.556635
3995,38.953273, -94.526768
4021,38.971462, -94.605386
4030,39.123092, -94.549034
4039,39.034299, -94.510631
4044,38.953573, -94.535256
4051,39.11451, -94.524402
4086,39.297401, -94.681712
4090,39.084761, -94.576146
4104,39.265021, -94.659395
4106,39.035286, -94.495582
4158,39.252223, -94.655534
4180,39.084761, -94.576146
4201,39.066234, -94.525822
4220,39.053555, -94.5548
4246,38.889332, -94.578897
4275,39.029718, -94.507146
4277,39.099709, -94.506437
4282,39.104748, -94.50687
4301,39.018228, -94.387915
4307,39.078666, -94.548927
4333,38.882537, -94.589873
4356,38.941667, -94.599173
4366,39.103507, -94.583149
4370,39.025285, -94.575088
4381,39.059403, -94.564993
4396,39.193531, -94.51162
4408,39.11451, -94.524402
4460,39.183343, -94.534438
4474,39.162995, -94.558463
4494,38.936276, -94.603763
4510,39.084761, -94.576146
4513,39.102357, -94.58304
4523,39.054938, -94.538615
4537,39.052858, -94.591462
4560,39.177485, -94.582454
4600,38.971462, -94.605386
4630,38.882537, -94.589873
4634,39.069553, -94.553372
4652,39.285851, -94.570811
4668,39.208764, -94.598624
4674,39.057357, -94.55689
4683,39.112414, -94.544321
4701,39.061129, -94.562551
4710,39.050432, -94.565336
4731,39.074714, -94.547993
4754,39.091041, -94.564575
4770,39.056624, -94.587312
4785,38.951848, -94.536038
4794,39.084885, -94.572393
4820,39.033457, -94.546652
4822,38.924545, -94.549852
4834,38.971462, -94.605386
4844,39.054958, -94.528055
4846,39.102481, -94.551233
4863,39.264495, -94.647811
4910,39.111602, -94.580938
4914,39.106987, -94.482944
4923,39.107142, -94.521328
4928,39.068808, -94.590071
4972,38.929928, -94.51932
4977,39.033747, -94.41578
4993,39.26915, -94.669477
4995,39.196021, -94.631621
4999,39.033747, -94.41578
5011,39.0984, -94.544496
5012,39.120394, -94.5622
5017,39.168919, -94.496877
5032,39.074446, -94.564807
5034,39.16135, -94.576895
5075,38.942007, -94.511331
5084,39.243255, -94.468335
5099,39.087174, -94.528392
5137,39.043742, -94.44374
5140,39.166425, -94.538607
5154,39.011483, -94.574649
5156,39.167143, -94.546779
5163,39.033747, -94.41578
5180,39.091201, -94.563361
5182,39.05866, -94.545341
5203,39.243065, -94.564666
5213,39.131023, -94.496292
5214,39.069086, -94.528532
5220,39.11254, -94.525682
5221,39.168919, -94.496877
5222,39.094188, -94.537443
5255,38.983113, -94.59465
5256,39.239405, -94.580607
5328,39.152142, -94.477208
5383,39.103025, -94.537363
5411,38.946824, -94.516968
5437,39.137295, -94.496032
5443,39.205992, -94.526875
5465,39.162169, -94.477608
5491,38.916996, -94.596279
5492,38.9617, -94.593814
5506,39.056729, -94.538539
5510,39.036041, -94.572119
5527,39.130741, -94.522787
5545,39.06392, -94.58935
5547,39.022379, -94.488906
5549,39.065131, -94.572993
5550,39.00355, -94.558812
5572,39.238889, -94.513552
5590,39.252223, -94.655534
5610,39.094373, -94.541765
5623,39.032338, -94.592117
5651,39.162339, -94.579637
5671,39.034577, -94.497804
5679,38.975728, -94.573914
5684,39.034829, -94.535132
5700,39.203149, -94.52786
5720,39.105729, -94.534067
5725,39.055047, -94.593128
5756,39.137024, -94.507191
5758,39.09744, -94.588521
5768,39.100795, -94.581248
5773,39.034577, -94.497804
5798,39.254765, -94.461749
5812,39.039847, -94.6056
5829,39.056419, -94.479484
5841,39.073699, -94.513742
5866,39.031992, -94.573516
5870,38.920949, -94.551896
5873,39.108701, -94.518912
5878,39.033747, -94.41578
5885,39.080166, -94.530624
5888,39.248576, -94.618536
5892,39.187974, -94.522373
5910,39.042437, -94.595019
5936,39.084761, -94.576146
5952,38.948277, -94.582353
5953,39.097246, -94.583315
5966,39.093106, -94.533265
5972,39.033747, -94.41578
5978,39.246552, -94.625522
5987,39.013575, -94.54109
5995,39.070631, -94.579239
6013,39.050483, -94.5973
6014,38.894745, -94.5731
6021,39.04387, -94.540349
6042,39.043583, -94.562619
6044,39.102357, -94.58304
6077,39.037199, -94.548691
6080,39.009697, -94.484166
6086,39.033747, -94.41578
6090,39.207783, -94.633951
6113,38.889239, -94.586045
6124,38.972623, -94.595169
6139,39.156762, -94.558332
6169,39.133326, -94.517981
6190,39.21227, -94.605586
6193,39.001649, -94.556734
6202,39.192529, -94.587156
6203,39.184283, -94.551814
6210,39.036918, -94.448801
6230,39.296623, -94.683361
6270,39.10689, -94.517827
6274,39.168365, -94.530686
6281,39.10091, -94.577328
6316,39.013221, -94.573947
6329,39.034019, -94.466033
6344,39.053044, -94.590339
6346,39.069553, -94.553372
6348,39.066865, -94.570266
6411,39.170653, -94.524938
6416,39.252223, -94.655534
6425,39.07254, -94.577655
6437,39.042145, -94.582315
6470,39.082082, -94.530937
6496,39.098488, -94.584405
6499,39.057261, -94.604964
6504,39.050508, -94.475389
6513,39.033747, -94.41578
6541,39.000836, -94.558929
6543,39.096132, -94.522133
6608,39.056941, -94.547814
6620,39.033747, -94.41578
6626,39.240462, -94.473896
6643,39.093332, -94.580055
6671,39.031072, -94.503033
6678,39.184283, -94.551814
6686,39.11488, -94.5279
6688,39.069988, -94.557003
6692,39.100258, -94.603269
6698,39.177029, -94.555415
6706,39.097387, -94.505402
6712,39.078152, -94.531922
6724,39.045808, -94.594832
6732,38.987195, -94.571055
6739,38.925606, -94.53143
6752,39.078058, -94.528774
6755,39.091041, -94.564575
6758,39.17152, -94.545943
6781,39.095459, -94.507792
6789,39.062197, -94.539394
6819,39.054132, -94.585147
6822,39.168919, -94.496877
6824,39.061266, -94.590503
6832,39.037654, -94.569302
6851,39.076166, -94.52335
6858,39.027498, -94.542649
6859,38.920616, -94.583763
6862,39.069086, -94.528532
6873,39.084761, -94.576146
6882,39.056624, -94.587312
6936,39.107804, -94.581392
6944,39.063018, -94.56477
6966,38.978977, -94.56942
6999,38.998349, -94.564385
7036,39.035597, -94.558151
7043,39.013852, -94.590632
7048,39.080036, -94.535077
7058,39.248754, -94.593197
7101,38.919656, -94.541538
7114,38.992745, -94.605769
7123,39.091262, -94.594599
7134,39.26403, -94.648615
7214,39.10445, -94.581809
7223,39.104507, -94.502799
7225,39.082902, -94.549899
7264,39.110335, -94.580974
7282,38.967834, -94.58352
7304,39.297401, -94.681712
7305,39.177485, -94.582454
7310,39.105323, -94.522598
7314,39.00917, -94.442718
7327,38.997369, -94.542708
7335,39.19479, -94.542762
7368,39.028648, -94.476863
7385,39.096259, -94.555019
7396,38.914091, -94.520983
7399,39.111602, -94.580938
7435,39.260134, -94.649356
7448,39.246394, -94.575366
7506,39.069842, -94.55284
7546,38.920964, -94.553538
7565,38.971462, -94.605386
7573,39.053044, -94.590339
7587,39.105627, -94.482032
7601,39.184283, -94.551814
7616,39.068419, -94.584002
7656,39.252014, -94.698089
7658,38.925767, -94.494043
7698,39.168764, -94.435152
7710,38.935437, -94.501393
7718,39.078058, -94.528774
7752,39.082046, -94.526494
7763,39.180748, -94.488472
7776,39.268772, -94.652788
7780,39.085895, -94.597227
7786,39.103826, -94.562716
7798,39.229969, -94.597863
7801,38.984776, -94.605503
7806,39.283845, -94.555969
7818,39.040783, -94.603542
7822,39.033747, -94.41578
7828,39.184283, -94.551814
7829,39.283598, -94.578008
7833,39.177029, -94.555415
7842,39.188137, -94.544057
7878,39.070226, -94.563223
7902,38.888707, -94.475554
7914,38.995728, -94.546522
7938,38.976247, -94.559136
7951,39.245466, -94.651365
7964,39.091571, -94.582512
7996,39.068817, -94.575489
8024,39.069988, -94.557003
8028,39.261391, -94.678897
8050,38.940041, -94.605423
8055,39.187974, -94.522373
8059,39.049164, -94.598187
8073,38.921087, -94.516245
8119,39.066865, -94.570266
8137,39.08316, -94.525552
8144,39.013575, -94.54109
8169,39.257799, -94.538883
8176,39.04387, -94.540349
8177,38.971462, -94.605386
8217,39.072367, -94.518139
8229,39.240456, -94.658045
8231,38.947945, -94.518399
8269,39.01876, -94.436097
8294,39.084761, -94.576146
8310,39.11233, -94.515195
8313,39.096694, -94.566963
8316,39.060867, -94.556776
8320,39.018661, -94.390853
8324,39.092255, -94.499969
8360,39.07939, -94.527685
8363,39.011483, -94.574649
8422,39.040385, -94.458286
8437,39.111193, -94.544371
8440,39.101059, -94.590005
8443,38.953971, -94.493921
8462,39.084761, -94.576146
8468,38.92242, -94.592826
8470,39.293035, -94.681463
8489,39.175113, -94.582388
8498,38.920616, -94.583763
8500,39.096259, -94.555019
8505,39.045892, -94.59604
8518,39.243395, -94.561504
8545,39.053142, -94.543343
8562,39.301799, -94.560005
8571,38.888707, -94.475554
8585,39.111602, -94.580938
8593,39.167023, -94.518735
8599,39.242051, -94.461697
8609,39.033747, -94.41578
8610,39.106477, -94.51378
8654,39.184657, -94.527729
8685,39.291812, -94.576656
8690,38.944902, -94.454854
8697,39.033747, -94.41578
8707,39.179903, -94.524767
8718,39.070827, -94.58533
8742,39.07217, -94.571239
8754,39.053555, -94.5548
8784,39.09523, -94.588925
8785,39.065326, -94.585594
8786,39.168396, -94.494642
8826,39.112414, -94.544321
8833,39.057357, -94.55689
8851,38.881605, -94.605304
8853,39.042091, -94.583409
8860,39.074714, -94.547993
8873,39.082082, -94.530937
8880,39.033228, -94.540271
8881,39.104748, -94.50687
8883,39.11254, -94.525682
8888,39.191353, -94.560849
8891,39.107937, -94.546844
8894,39.078058, -94.528774
8895,38.943649, -94.512274
8898,39.078666, -94.548927
8904,39.181639, -94.540643
8914,38.914091, -94.520983
8962,39.293035, -94.681463
8963,39.059403, -94.564993
8976,39.102357, -94.58304
9000,39.110678, -94.582694
9014,38.998349, -94.568419
9025,39.129864, -94.492573
9039,39.252223, -94.655534
9057,38.966498, -94.50055
9064,39.088849, -94.53673
9070,39.084761, -94.576146
9072,38.997545, -94.548763
9117,38.9617, -94.593814
9128,39.106247, -94.586119
9133,38.946824, -94.516968
9143,38.963096, -94.589813
9145,38.921515, -94.55377
9179,39.084761, -94.576146
9205,39.033747, -94.41578
9225,39.070492, -94.571319
9230,39.064592, -94.593971
9284,39.246394, -94.575366
9312,39.084299, -94.544644
9329,39.034577, -94.497804
9335,39.203149, -94.52786
9348,39.161331, -94.557715
9354,39.055921, -94.472982
9356,39.050843, -94.590164
9367,38.914974, -94.505658
9394,39.239405, -94.580607
9405,39.099565, -94.539856
9416,38.9867, -94.487705
9451,39.091201, -94.563361
9467,39.068631, -94.569897
9471,39.252223, -94.655534
9474,39.16496, -94.57222
9476,38.882537, -94.589873
9491,39.034019, -94.466033
9492,38.950563, -94.517461
9506,39.11451, -94.524402
9525,39.084761, -94.576146
9583,39.107867, -94.544542
9598,39.106477, -94.51378
9630,39.033747, -94.41578
9631,38.929928, -94.51932
9633,39.078972, -94.558201
9639,38.939156, -94.517136
9658,39.173156, -94.493769
9672,39.256423, -94.541979
9681,39.103603, -94.510432
9686,39.033747, -94.41578
9701,39.03208, -94.560663
9759,39.248754, -94.593197
9762,39.100258, -94.603269
9763,39.059774, -94.495882
9764,39.105277, -94.521091
9796,39.237386, -94.576019
9806,38.99423, -94.565965
9859,39.002625, -94.558401
9952,39.084885, -94.572393
9962,38.920616, -94.583763
9974,39.152142, -94.477208
9981,39.058096, -94.583956
9998,39.065659, -94.539222
10015,39.033747, -94.41578
10017,39.077717, -94.52081
10027,39.056624, -94.587312
10054,39.02644, -94.429965
10068,39.244896, -94.464546
10073,39.293035, -94.681463
10079,38.939156, -94.517136
10081,39.091862, -94.552236
10088,38.948153, -94.515964
10096,39.063018, -94.56477
10099,39.11233, -94.515195
10102,39.078152, -94.531922
10123,39.113087, -94.537318
10150,39.166686, -94.545344
10189,39.247617, -94.470127
10211,38.924105, -94.495873
10220,39.03207, -94.464909
10236,39.033747, -94.41578
10284,38.997023, -94.482586
10289,38.918152, -94.491118
10329,39.246439, -94.585433
10330,39.112123, -94.509353
10337,39.293653, -94.684662
10346,39.194595, -94.615257
10358,39.262389, -94.560534
10375,38.939121, -94.587421
10406,39.296679, -94.581853
10451,38.987189, -94.557459
10464,39.095459, -94.507792
10476,39.103826, -94.562716
10493,38.984776, -94.605503
10501,39.223608, -94.663631
10518,39.025387, -94.595211
10543,39.102357, -94.58304
10545,39.084761, -94.576146
10548,38.928194, -94.496686
10553,38.943649, -94.512274
10555,39.105286, -94.563725
10573,38.889239, -94.586045
10585,38.922804, -94.493449
10595,39.252223, -94.655534
10602,39.042437, -94.595019
10645,39.078152, -94.531922
10650,39.04387, -94.540349
10662,39.033747, -94.41578
10664,39.036918, -94.448801
10671,38.933536, -94.493496
10677,39.105116, -94.516465
10687,39.040503, -94.59165
10688,39.034162, -94.590941
10707,39.033747, -94.41578
10709,39.078666, -94.548927
10754,39.081278, -94.574843
10762,39.037199, -94.548691
10770,38.929616, -94.507698
10783,39.054147, -94.58875
10785,39.032276, -94.563217
10799,39.069128, -94.529706
10836,39.040511, -94.5393
10841,39.031174, -94.501929
10844,39.184283, -94.551814
10850,39.166926, -94.510775
10861,39.248015, -94.593988
10885,39.048147, -94.551676
10921,39.10689, -94.517827
10940,39.049382, -94.588602
10941,39.033747, -94.41578
10951,39.100817, -94.583116
10987,39.240633, -94.460931
10991,39.091862, -94.552236
11018,39.180748, -94.488472
11028,39.109419, -94.535834
11037,38.966705, -94.503202
11040,39.060867, -94.556776
11042,39.246394, -94.575366
11052,39.001548, -94.554384
11061,39.108701, -94.518912
11086,38.994003, -94.547788
11090,38.971462, -94.605386
11139,39.082082, -94.530937
11182,39.165553, -94.424599
11196,39.102145, -94.577007
11198,38.932515, -94.545969
11214,39.11451, -94.524402
11227,39.093332, -94.580055
11228,39.06358, -94.580555
11243,39.110874, -94.529293
11247,39.055921, -94.472982
11272,39.090303, -94.512662
11301,38.987189, -94.557459
11311,39.069988, -94.557003
11321,39.131023, -94.496292
11325,39.02477, -94.561118
11333,39.10445, -94.581809
11352,39.099709, -94.506437
11369,39.038542, -94.587153
11409,39.105487, -94.527068
11416,39.058909, -94.54861
11446,38.939121, -94.587421
11514,38.914091, -94.520983
11531,39.084618, -94.56026
11548,39.15001, -94.484286
11551,39.235125, -94.650813
11561,38.889923, -94.578672
11573,39.242008, -94.542908
11596,39.024803, -94.562268
11598,39.179861, -94.54119
11618,39.093106, -94.533265
11638,39.069842, -94.55284
11641,39.028213, -94.551614
11660,39.083241, -94.523647
11669,39.031968, -94.533293
11729,38.882765, -94.592729
11734,39.057357, -94.55689
11739,39.183286, -94.564871
11740,39.003182, -94.550821
11741,39.026773, -94.562178
11753,39.098433, -94.539901
11760,39.245255, -94.461802
11778,39.082175, -94.536948
11791,39.091041, -94.564575
11805,39.297401, -94.681712
11829,39.104156, -94.541723
11834,38.981667, -94.555432
11840,39.273974, -94.665975
11854,39.110335, -94.580974
11864,39.100688, -94.5375
11879,39.168365, -94.530686
11889,38.936276, -94.603763
11892,39.181641, -94.573842
11934,38.975728, -94.573914
11975,39.100114, -94.588419
11981,39.084761, -94.576146
11986,39.010585, -94.488973
12002,38.925248, -94.505714
12010,39.034577, -94.497804
12014,39.032356, -94.438989
12020,39.242051, -94.461697
12077,38.990112, -94.566164
12089,39.106722, -94.536451
12098,39.074714, -94.547993
12099,39.012279, -94.594038
12101,39.202618, -94.521087
12106,38.943649, -94.512274
12113,39.030843, -94.439078
12123,39.168396, -94.494642
12131,39.090399, -94.549612
12132,39.215363, -94.648319
12148,39.120064, -94.543983
12166,39.08249, -94.552242
12189,38.971462, -94.605386
12199,39.061156, -94.571825
12200,39.067579, -94.538454
12209,38.921087, -94.516245
12210,38.920616, -94.583763
12223,39.048055, -94.552824
12228,39.087852, -94.584905
12268,39.293653, -94.684662
12289,39.167023, -94.518735
12294,38.925097, -94.524499
12304,39.033747, -94.41578
12328,39.09565, -94.576681
12334,39.045995, -94.593323
12339,39.002643, -94.558847
12340,39.100995, -94.502917
12374,39.052132, -94.565389
12381,39.063652, -94.532406
12400,39.152359, -94.558428
12403,39.078187, -94.532957
12404,39.033747, -94.41578
12423,39.252223, -94.655534
12424,39.10091, -94.577328
12440,39.024435, -94.518248
12458,39.157099, -94.54086
12505,38.99423, -94.565965
12574,38.914974, -94.505658
12581,39.248015, -94.593988
12582,39.293035, -94.681463
12599,38.99581, -94.540397
12601,39.056624, -94.587312
12615,39.104748, -94.50687
12623,39.107937, -94.546844
12647,39.094296, -94.576472
12662,39.168396, -94.494642
12684,39.068631, -94.569897
12692,38.89203, -94.595109
12695,38.950206, -94.543425
12709,39.091862, -94.552236
12726,38.91633, -94.523771
12746,39.080087, -94.53742
12763,39.039822, -94.595596
12782,39.033574, -94.550122
12803,38.99994, -94.559124
12836,39.126143, -94.545622
12855,38.963096, -94.589813
12913,39.079283, -94.52356
12939,39.090741, -94.526883
12958,39.100258, -94.603269
12989,39.105933, -94.540295
12990,38.914804, -94.499704
13011,39.056941, -94.547814
13026,39.089992, -94.569027
13028,39.113959, -94.527942
13035,38.964103, -94.592307
13038,39.158923, -94.525758
13044,39.191353, -94.560849
13074,39.213509, -94.595986
13097,39.063169, -94.593871
13102,39.240456, -94.658045
13117,39.051373, -94.595768
13141,39.301331, -94.6817
13145,39.104029, -94.537317
13155,39.274347, -94.478627
13159,38.971462, -94.605386
13164,38.952353, -94.50797
13170,39.065419, -94.586794
13188,39.069842, -94.55284
13194,38.878944, -94.590375
13197,39.088022, -94.556606
13203,39.050408, -94.586841
13207,39.064055, -94.540473
13210,38.888707, -94.475554
13269,39.033747, -94.41578
13275,39.099705, -94.604225
13299,38.911391, -94.519205
13303,39.033747, -94.41578
13326,38.928821, -94.511166
13332,39.100995, -94.502917
13343,38.923828, -94.602169
13345,39.019153, -94.590822
13350,38.925585, -94.530583
13399,39.103133, -94.570632
13408,39.032276, -94.563217
13416,39.111248, -94.536434
13460,39.269826, -94.455647
13464,39.058004, -94.574373
13466,39.081062, -94.566805
13477,39.002625, -94.558401
13526,39.033228, -94.540271
13573,39.162412, -94.474411
13595,39.105711, -94.484459
13620,39.223608, -94.663631
13635,39.084761, -94.576146
13653,39.069377, -94.523636
13659,38.94961, -94.51218
13676,38.998349, -94.568419
13678,39.184283, -94.551814
13697,39.078058, -94.528774
13699,38.966498, -94.50055
13700,39.051239, -94.595617
13704,39.094188, -94.537443
13760,39.054717, -94.531695
13761,39.105211, -94.552386
13765,39.285851, -94.570811
13777,39.063018, -94.56477
13784,38.971462, -94.605386
13808,39.039628, -94.443873
13816,39.064592, -94.593971
13826,39.032835, -94.537697
13836,39.168919, -94.496877
13862,39.17152, -94.545943
13884,39.258865, -94.459189
13898,39.033747, -94.41578
13932,39.083897, -94.579011
13965,39.053044, -94.590339
14003,39.079177, -94.57613
14012,39.033747, -94.41578
14023,39.260134, -94.649356
14038,39.248015, -94.593988
14059,39.06036, -94.540619
14075,39.169086, -94.52017
14116,39.058483, -94.582428
14135,38.943649, -94.512274
14136,38.889239, -94.586045
14151,39.033747, -94.41578
14174,39.006326, -94.439651
14177,39.033747, -94.41578
14252,38.968797, -94.510734
14262,39.178205, -94.535229
14272,38.907268, -94.598889
14279,39.083241, -94.523647
14310,39.265021, -94.659395
14313,38.924532, -94.505289
14320,39.050483, -94.5973
14328,38.882537, -94.589873
14329,39.239512, -94.575999
14336,39.057711, -94.591008
14358,38.941985, -94.511819
14359,39.094188, -94.537443
14372,39.070492, -94.571319
14388,39.036469, -94.494392
14410,39.112368, -94.516343
14420,39.054644, -94.598636
14422,39.091862, -94.552236
14428,39.168919, -94.496877
14429,38.925248, -94.505714
14449,39.189472, -94.483232
14458,39.129864, -94.492573
14480,39.103668, -94.585386
14488,39.269958, -94.456511
14587,39.285851, -94.570811
14629,39.11233, -94.515195
14633,39.098075, -94.567191
14650,38.939156, -94.517136
14653,39.23346, -94.664938
14654,38.997545, -94.548763
14696,39.084299, -94.544644
14721,39.306542, -94.682129
14753,39.05663, -94.587527
14761,39.17457, -94.544478
14786,39.084761, -94.576146
14820,39.189786, -94.51282
14822,39.100912, -94.540935
14823,39.033747, -94.41578
14832,38.966571, -94.587291
14839,39.003182, -94.550821
14840,38.958465, -94.488186
14844,39.236635, -94.66565
14864,39.032673, -94.529368
14872,39.035097, -94.498842
14898,39.042437, -94.595019
14899,39.163589, -94.491212
14900,38.945433, -94.596448
14930,39.114617, -94.507902
14970,38.937895, -94.550953
15012,39.105046, -94.514381
15057,39.033747, -94.41578
15067,38.971462, -94.605386
15082,39.108701, -94.518912
15097,39.240633, -94.460931
15099,39.036445, -94.587261
15118,39.102294, -94.505922
15121,39.184283, -94.551814
15145,39.10002, -94.585576
15171,38.940034, -94.521339
15174,39.073732, -94.564162
15190,39.08415, -94.563985
15193,39.026694, -94.483551
15196,39.215538, -94.493753
15207,39.120394, -94.5622
15233,39.246394, -94.575366
15242,39.165471, -94.416315
15259,39.113087, -94.537318
15260,39.169064, -94.47362
15262,39.103025, -94.537363
15280,39.092458, -94.530023
15285,39.04387, -94.540349
15286,39.082046, -94.526494
15289,39.110611, -94.524624
15299,39.010585, -94.488973
15323,39.211933, -94.588477
15327,39.033747, -94.41578
15346,38.987189, -94.557459
15386,39.184283, -94.551814
15388,39.104156, -94.541723
15391,39.070794, -94.529759
15392,39.110887, -94.569875
15419,39.120394, -94.5622
15480,39.068808, -94.590071
15483,39.056478, -94.583076
15489,39.10091, -94.577328
15515,39.10356, -94.583014
15525,39.060918, -94.553301
15531,39.033747, -94.41578
15579,38.935454, -94.58709
15580,39.099565, -94.539856
15582,39.258572, -94.526178
15622,39.241821, -94.642923
15640,38.948153, -94.515964
15642,39.003351, -94.556635
15658,39.083241, -94.523647
15676,39.097185, -94.542281
15709,39.082082, -94.530937
15717,39.081161, -94.520017
15735,39.093332, -94.580055
15745,38.918989, -94.593082
15748,39.05701, -94.550043
15753,39.090399, -94.549612
15806,39.16449, -94.555195
15880,39.03388, -94.560575
15887,39.26915, -94.669477
15893,38.959468, -94.50295
15902,39.025888, -94.481255
15912,39.103925, -94.592065
15925,39.240633, -94.460931
15926,39.182404, -94.50516
15943,39.102456, -94.525917
15973,39.037881, -94.584723
15993,39.05866, -94.545341
16006,39.078058, -94.528774
16011,38.996148, -94.558185
16012,39.162412, -94.474411
16013,39.059746, -94.583565
16078,38.966498, -94.50055
16089,38.914139, -94.523842
16096,39.078521, -94.596488
16107,38.930669, -94.5105
16135,39.002625, -94.558401
16140,39.03388, -94.560575
16143,39.094695, -94.565028
16151,39.29951, -94.499062
16194,39.101065, -94.580839
16210,39.252223, -94.655534
16229,39.198019, -94.618362
16261,39.054706, -94.590882
16275,39.009697, -94.484166
16283,39.068419, -94.584002
16324,39.10091, -94.577328
16331,39.050006, -94.557368
16334,39.084761, -94.576146
16342,39.067579, -94.538454
16367,39.069988, -94.557003
16372,39.044612, -94.606635
16394,39.069553, -94.553372
16412,39.170322, -94.574043
16417,38.881605, -94.605304
16438,39.216378, -94.526616
16480,39.041677, -94.572947
16496,39.079831, -94.525691
16526,38.998047, -94.543666
16527,39.039868, -94.59531
16548,39.024967, -94.566957
16574,38.945274, -94.581627
16577,39.037654, -94.569302
16583,39.070268, -94.571333
16587,39.098488, -94.584405
16600,39.067882, -94.548159
16610,39.065478, -94.589817
16634,39.047775, -94.545906
16650,39.205212, -94.587967
16687,39.045619, -94.58743
16697,39.105776, -94.535243
16738,39.112447, -94.512756
16750,39.086126, -94.539375
16753,39.238224, -94.57927
16772,39.075302, -94.575446
16789,39.106845, -94.516654
16791,39.05644, -94.591161
16794,38.976908, -94.567199
16832,39.070492, -94.571319
16887,39.022804, -94.557735
16901,39.069842, -94.55284
16942,39.15001, -94.484286
16975,39.22925, -94.623848
16977,39.051373, -94.595768
16992,39.209577, -94.598032
17049,39.191505, -94.518845
17068,38.936552, -94.584722
17085,39.078058, -94.528774
17115,39.049142, -94.586916
17132,38.949664, -94.569864
17187,39.109021, -94.579259
17189,39.05701, -94.550043
17207,39.058355, -94.534982
17215,39.109888, -94.521192
17218,39.012938, -94.574588
17324,39.079831, -94.525691
17342,38.919644, -94.529954
17344,39.056624, -94.587312
17359,39.043328, -94.583195
17361,39.068419, -94.584002
17367,39.120394, -94.5622
17392,39.207944, -94.591775
17405,39.062034, -94.587018
17407,39.068419, -94.584002
17412,39.244896, -94.464546
17437,39.109888, -94.521192
17447,39.265021, -94.659395
17464,39.051937, -94.600901
17477,39.110855, -94.578417
17547,39.029296, -94.590236
17576,39.10209, -94.504026
17629,38.881605, -94.605304
17634,39.10209, -94.504026
17674,39.092038, -94.562455
17691,38.920616, -94.583763
17705,39.100817, -94.583116
17729,38.987761, -94.593465
17732,39.038301, -94.461985
17756,39.05701, -94.550043
17767,38.917442, -94.603515
17800,39.022088, -94.490377
17817,38.970664, -94.59528
17829,39.094242, -94.578003
17836,39.082855, -94.548763
17866,39.184283, -94.551814
17891,39.113317, -94.559661
17893,39.120394, -94.5622
17907,39.238889, -94.513552
17925,39.191505, -94.518845
17926,39.250586, -94.68709
17942,39.054706, -94.590882
17944,39.098566, -94.543349
17964,39.021635, -94.575311
17983,38.966498, -94.50055
18013,39.05222, -94.567685
18022,39.290063, -94.471569
18038,39.064158, -94.588328
18121,39.165471, -94.416315
18152,39.094188, -94.537443
18173,39.084761, -94.576146
18184,39.177541, -94.521336
18280,39.045899, -94.5437
18302,39.083769, -94.535816
18352,38.979801, -94.563394
18357,38.922533, -94.539505
18373,39.009112, -94.443636
18385,39.012938, -94.574588
18398,39.15001, -94.484286
18429,39.240231, -94.664812
18440,39.044969, -94.568097
18462,39.106845, -94.516654
18463,38.945329, -94.453501
18497,39.049446, -94.583849
18513,39.030194, -94.559609
18543,39.101059, -94.590005
18555,39.079831, -94.525691
18559,39.053429, -94.551397
18562,39.019685, -94.570088
18569,39.054158, -94.590919
18608,39.059616, -94.570701
18684,38.980867, -94.568174
18694,39.062521, -94.549742
18708,39.057711, -94.591008
18711,39.059376, -94.596462
18734,39.178162, -94.525884
18752,39.060861, -94.590777
18827,38.92144, -94.549537
18839,38.978997, -94.576295
18860,39.216378, -94.526616
18868,39.086815, -94.557764
18884,39.063278, -94.573336
18909,39.069842, -94.55284
18923,39.107672, -94.545937
18955,39.083516, -94.586706
18990,39.035007, -94.589632
19006,38.996455, -94.566236
19060,38.95173, -94.493694
19082,39.217392, -94.588027
19103,39.193819, -94.508709
19126,39.225067, -94.600278
19127,39.104992, -94.513029
19150,39.037807, -94.546416
19200,39.055561, -94.527173
19243,38.998349, -94.568419
19263,39.193684, -94.486562
19299,39.063159, -94.56892
19317,39.106477, -94.51378
19319,39.078432, -94.542051
19320,38.96833, -94.50372
19351,39.034743, -94.583428
19363,39.036713, -94.603854
19376,38.971462, -94.605386
19391,39.055921, -94.472982
19400,39.184283, -94.551814
19431,39.187334, -94.489705
19487,39.251184, -94.565343
19502,39.090399, -94.549612
19503,39.131023, -94.496292
19569,39.097833, -94.564764
19608,39.163408, -94.542757
19625,38.946969, -94.517989
19626,39.098488, -94.584405
19662,39.058143, -94.600502
19677,39.093106, -94.533265
19686,39.058255, -94.587577
19694,39.053696, -94.559497
19732,39.105729, -94.534067
19756,38.939121, -94.587421
19780,39.068419, -94.584002
19781,39.070811, -94.590632
19782,39.017942, -94.563692
19871,38.991731, -94.580294
19890,39.163421, -94.544549
19921,39.056941, -94.547814
19973,39.025888, -94.481255
19989,39.109539, -94.544819
20043,39.191505, -94.518845
20109,39.026275, -94.436549
20137,39.103149, -94.54459
20176,39.105487, -94.527068
20177,39.067882, -94.548159
20188,38.910308, -94.50968
20193,38.980867, -94.568174
20195,38.983817, -94.563403
20232,39.038462, -94.584941
20241,39.062299, -94.542859
20243,39.111407, -94.541267
20278,39.003351, -94.556635
20282,39.09778, -94.559646
20312,39.091287, -94.561986
20314,39.068745, -94.573708
20317,39.098478, -94.511358
20375,39.052535, -94.576083
20415,38.917906, -94.56905
20456,39.079831, -94.525691
20500,39.05866, -94.545341
20554,39.079494, -94.518072
20562,39.101327, -94.514338
20587,39.191505, -94.518845
20589,39.007141, -94.559903
20628,39.10552, -94.528019
20674,39.037081, -94.57183
20697,39.198019, -94.618362
20711,39.29951, -94.499062
20731,39.301619, -94.590248
20805,39.012937, -94.576888
20911,38.956838, -94.486708
20918,39.056624, -94.587312
20920,38.922533, -94.539505
20922,38.924353, -94.583472
20974,39.088928, -94.598404
20985,39.056624, -94.587312
21002,39.120394, -94.5622
21020,39.078521, -94.596488
21046,38.995639, -94.538475
21050,39.244902, -94.528635
21079,38.89203, -94.595109
21108,38.972777, -94.560016
21147,39.184944, -94.532503
21176,39.078521, -94.596488
21195,39.175313, -94.521363
21215,38.952423, -94.507428
21235,39.055561, -94.527173
21242,39.069553, -94.553372
21256,38.928194, -94.496686
21266,38.991872, -94.5943
21273,39.202679, -94.602511
21298,39.060861, -94.590777
21302,39.046624, -94.566848
21389,39.077335, -94.565459
21391,39.120394, -94.5622
21423,39.068419, -94.584002
21509,38.92159, -94.499671
21533,39.03326, -94.49678
21562,39.078058, -94.528774
21567,39.055308, -94.549784
21583,39.034577, -94.497804
21593,39.031259, -94.486784
21654,39.184283, -94.551814
21689,39.055921, -94.472982
21709,39.068419, -94.584002
21742,39.03388, -94.560575
21759,39.097183, -94.581044
21810,38.952047, -94.56856
21831,38.946969, -94.517989
21844,39.217392, -94.588027
21870,39.214692, -94.52025
21883,39.077297, -94.601451
21921,39.185431, -94.527784
21935,38.971462, -94.605386
21964,39.186784, -94.521214
21968,38.952423, -94.507428
21973,38.969185, -94.499784
22014,38.987189, -94.557459
22027,39.103507, -94.583149
22050,39.032546, -94.391909
22064,39.177041, -94.568071
22110,39.101379, -94.598554
22127,39.060045, -94.585902
22160,39.100452, -94.545793
22214,39.22274, -94.643957
22240,39.195983, -94.623017
22242,39.092239, -94.546385
22245,39.089778, -94.519977
22265,39.107046, -94.519003
22271,39.107911, -94.545797
22280,39.035007, -94.589632
22344,38.953573, -94.535256
22437,38.980867, -94.568174
22502,39.293046, -94.570742
22542,39.063278, -94.573336
22567,38.946969, -94.517989
22581,39.072013, -94.565446
22587,38.976247, -94.559136
22588,39.106477, -94.51378
22598,39.239903, -94.514773
22649,39.055047, -94.593128
22652,38.871754, -94.604979
22684,39.206244, -94.637534
22720,38.950122, -94.519303
22773,38.971462, -94.605386
22791,38.925097, -94.524499
22802,39.081078, -94.5672
22804,38.917981, -94.500946
22824,39.034299, -94.510631
22842,38.991872, -94.5943
22853,39.234945, -94.562862
22883,39.104992, -94.513029
22897,39.10552, -94.528019
22902,39.165471, -94.416315
22928,39.191505, -94.518845
22931,38.922533, -94.539505
22946,39.038301, -94.461985
22953,39.016391, -94.603058
22959,39.057711, -94.591008
22968,38.959468, -94.50295
22986,39.026405, -94.55635
23007,39.042437, -94.595019
23040,39.076773, -94.594302
23044,38.979801, -94.563394
23072,39.056321, -94.583776
23077,39.102357, -94.58304
23088,39.022379, -94.488906
23141,39.060861, -94.590777
23154,39.058255, -94.587577
23204,38.924545, -94.549852
23215,39.098488, -94.584405
23251,38.997741, -94.593148
23263,39.091571, -94.582512
23282,39.073342, -94.473094
23296,39.02477, -94.561118
23311,39.111602, -94.580938
23337,39.062034, -94.587018
23369,39.051476, -94.581738
23385,39.05722, -94.554602
23398,39.078086, -94.527745
23403,39.01387, -94.483931
23426,39.165471, -94.416315
23429,39.074532, -94.517902
23436,39.049846, -94.599116
23454,38.939121, -94.587421
23458,39.05701, -94.550043
23476,38.998349, -94.568419
23501,39.048689, -94.572547
23518,39.130848, -94.52161
23528,39.171481, -94.548295
23563,39.079831, -94.525691
23590,38.910422, -94.501374
23602,39.242225, -94.590769
23607,39.01387, -94.483931
23610,38.994022, -94.499221
23614,38.939121, -94.587421
23644,38.917906, -94.56905
23661,38.959468, -94.50295
23667,39.079831, -94.525691
23712,39.032257, -94.462765
23716,38.996148, -94.558185
23727,39.029205, -94.588864
23736,39.094695, -94.565028
23737,39.238693, -94.659095
23759,38.96608, -94.573841
23764,39.116849, -94.523408
23774,38.991469, -94.573352
23775,38.908769, -94.505607
23818,39.063788, -94.585673
23834,39.242225, -94.590769
23853,39.075076, -94.59568
23878,39.042091, -94.583409
23886,38.980867, -94.568174
23901,39.033382, -94.544496
23930,39.208751, -94.648796
23945,39.112757, -94.527995
23950,39.236413, -94.625282
23981,39.060045, -94.585902
24027,38.929512, -94.513131
24070,38.939121, -94.587421
24101,39.059746, -94.583565
24104,39.15001, -94.484286
24111,39.078086, -94.527745
24149,39.026405, -94.55635
24154,39.036861, -94.453806
24175,39.184283, -94.551814
24176,39.246394, -94.575366
24192,39.112314, -94.541188
24200,39.068419, -94.584002
24215,38.94785, -94.577031
24226,38.981658, -94.487767
24239,39.137295, -94.496032
24301,39.110855, -94.578417
24317,39.252223, -94.655534
24329,39.213509, -94.595986
24335,39.104813, -94.591995
24361,38.953573, -94.535256
24396,39.189205, -94.556734
24515,38.923422, -94.501879
24527,39.049093, -94.5842
24530,39.033382, -94.544496
24547,39.030194, -94.559609
24562,39.103063, -94.541969
24574,39.104288, -94.545309
24597,39.068419, -94.584002
24604,39.221916, -94.622115
24712,38.971462, -94.605386
24764,38.92223, -94.49438
24768,39.05644, -94.591161
24769,39.014908, -94.541922
24825,39.097387, -94.505402
24860,38.980867, -94.568174
24911,39.068508, -94.566305
24918,39.04944, -94.582851
24930,39.103272, -94.551193
24932,39.055561, -94.527173
24936,39.175313, -94.521363
24956,39.09879, -94.588466
24978,39.11409, -94.537257
24980,39.097833, -94.564764
25003,38.950933, -94.478293
25024,39.238224, -94.57927
25041,39.110855, -94.578417
25073,38.916428, -94.490356
25095,39.040174, -94.582398
25154,38.995728, -94.546522
25167,39.055782, -94.56788
25233,39.171481, -94.548295
25248,39.26915, -94.669477
25322,39.111407, -94.541267
25338,38.961855, -94.471209
25346,39.012257, -94.50634
25347,39.053696, -94.559497
25350,39.040174, -94.582398
25379,39.163408, -94.542757
25407,39.033896, -94.399833
25429,39.239807, -94.513645
25471,39.094884, -94.555987
25492,39.066865, -94.570266
25505,38.95616, -94.42827
25521,38.991872, -94.5943
25537,38.969185, -94.499784
25580,39.104992, -94.513029
25588,39.248559, -94.665203
25589,39.037807, -94.546416
25611,39.094551, -94.583455
25625,38.971462, -94.605386
25648,39.062086, -94.604967
25677,39.290063, -94.471569
25745,39.053555, -94.5548
25749,39.105776, -94.535243
25758,39.110855, -94.578417
25763,39.15001, -94.484286
25817,39.265021, -94.659395
25828,39.065404, -94.580769
25842,39.081789, -94.525567
25845,39.252223, -94.655534
25857,38.996148, -94.558185
25901,39.063067, -94.566572
25920,39.293035, -94.681463
25944,38.89203, -94.595109
25970,39.053044, -94.590339
25977,39.000836, -94.558929
25983,38.966498, -94.50055
26016,39.070811, -94.590632
26018,39.110235, -94.549331
26019,39.1127, -94.507198
26029,39.033382, -94.544496
26059,39.111341, -94.544718
26109,39.087852, -94.584905
26112,39.185431, -94.527784
26180,39.165471, -94.416315
26181,39.245466, -94.651365
26202,39.046819, -94.572659
26240,39.02693, -94.571484
26254,38.932125, -94.552029
26296,38.998788, -94.494063
26314,38.95616, -94.42827
26326,39.191505, -94.518845
26344,39.074714, -94.547993
26355,39.105776, -94.535243
26359,39.293035, -94.681463
26398,39.065447, -94.532317
26403,39.083098, -94.55684
26410,39.199398, -94.516963
26411,39.063649, -94.582042
26431,39.091735, -94.503507
26449,39.248327, -94.572135
26466,39.115906, -94.509151
26467,39.097183, -94.581044
26510,39.094695, -94.565028
26517,39.057711, -94.591008
26552,39.029283, -94.498021
26561,39.021706, -94.433832
26607,39.094188, -94.537443
26655,39.073001, -94.541205
26730,39.033382, -94.544496
26748,39.100795, -94.581248
26773,39.177041, -94.568071
26792,39.113959, -94.527942
26795,39.034577, -94.497804
26877,38.994022, -94.499221
26891,39.091735, -94.503507
26901,39.105729, -94.534067
26912,39.043742, -94.44374
26941,39.108661, -94.580626
26985,38.96608, -94.573841
26986,39.056419, -94.479484
26992,39.004932, -94.551877
27002,38.953573, -94.535256
27006,39.114911, -94.56183
27039,39.112641, -94.524519
27058,39.051476, -94.581738
27061,39.098488, -94.584405
27070,39.115638, -94.539987
27084,39.10463, -94.586348
27116,39.204456, -94.596537
27126,39.05701, -94.550043
27171,39.102456, -94.525917
27228,39.093106, -94.533265
27271,39.08213, -94.528604
27274,38.953273, -94.526768
27277,39.031259, -94.486784
27306,39.110855, -94.578417
27323,38.999884, -94.56341
27345,38.976908, -94.567199
27353,39.074568, -94.532464
27366,39.058255, -94.587577
27376,39.082054, -94.536387
27393,39.184283, -94.551814
27399,39.069054, -94.527802
27407,39.100258, -94.603269
27432,39.034299, -94.510631
27438,39.078058, -94.528774
27461,39.21227, -94.605586
27468,39.007141, -94.559903
27494,39.187334, -94.489705
27503,39.161093, -94.582325
27517,39.171481, -94.548295
27519,39.063278, -94.573336
27536,39.094075, -94.534552
27559,39.199973, -94.63409
27563,39.012937, -94.576888
27566,38.939121, -94.587421
27568,39.055782, -94.56788
27587,39.098842, -94.550832
27620,39.221916, -94.622115
27671,39.061124, -94.59874
27682,38.95095, -94.545139
27685,38.923422, -94.501879
27697,39.173539, -94.530017
27716,39.209577, -94.598032
27751,39.208751, -94.648796
27756,39.106976, -94.544584
27764,39.053555, -94.5548
27793,39.075302, -94.575446
27815,39.030846, -94.503996
27828,39.105627, -94.482032
27838,38.939121, -94.587421
27843,39.033382, -94.544496
27858,39.002625, -94.558401
27870,38.930215, -94.596744
27887,39.059468, -94.569608
27896,39.137226, -94.513861
27909,39.067282, -94.528685
27920,39.182404, -94.50516
27963,39.103507, -94.583149
27982,39.283824, -94.579255
27983,38.987368, -94.578026
28004,39.059746, -94.583565
28044,38.981465, -94.606619
28052,39.055921, -94.472982
28067,39.04944, -94.582851
28099,39.191505, -94.518845
28100,39.238224, -94.57927
28102,38.966498, -94.50055
28105,39.051937, -94.600901
28112,39.03388, -94.560575
28165,39.237255, -94.469508
28173,39.098488, -94.584405
28177,39.084761, -94.576146
28178,39.091735, -94.503507
28204,39.299592, -94.582532
28277,39.032256, -94.563909
28320,38.976908, -94.567199
28359,39.165471, -94.416315
28362,39.026405, -94.55635
28366,39.033382, -94.544496
28374,38.955497, -94.543412
28427,39.102456, -94.525917
28435,39.112314, -94.541188
28463,38.92343, -94.523648
28534,39.113317, -94.559661
28545,39.046842, -94.594608
28564,39.021026, -94.559028
28570,38.943547, -94.524784
28592,39.074714, -94.547993
28618,39.205212, -94.587967
28638,38.980867, -94.568174
28651,39.065478, -94.589817
28697,39.099338, -94.534581
28726,39.16449, -94.555195
28728,39.238224, -94.57927
28758,39.165471, -94.416315
28768,39.085321, -94.58047
28791,39.288414, -94.552586
28812,39.26915, -94.669477
28824,38.917906, -94.56905
28848,39.184283, -94.551814
28849,39.219803, -94.641618
28851,39.201158, -94.647143
28862,38.975728, -94.573914
28911,39.207944, -94.591775
28919,39.171481, -94.548295
28946,39.05393, -94.58674
29057,39.130741, -94.522787
29058,39.10209, -94.504026
29063,39.057711, -94.591008
29064,38.945433, -94.596448
29072,39.100761, -94.539786
29090,38.987189, -94.557459
29115,39.103272, -94.551193
29127,39.107221, -94.529454
29140,39.250586, -94.68709
29194,39.086126, -94.539375
29208,39.047115, -94.570094
29210,39.052088, -94.525254
29212,38.998047, -94.543666
29248,39.085611, -94.594901
29252,39.084761, -94.576146
29288,39.078564, -94.544534
29325,39.116038, -94.512945
29380,39.243268, -94.526249
29381,38.952047, -94.56856
29435,39.052732, -94.525466
29457,39.20528, -94.595917
29467,39.066266, -94.578614
29473,39.265021, -94.659395
29492,39.05663, -94.587527
29542,39.131023, -94.496292
29569,39.040174, -94.582398
29595,38.961899, -94.483664
29606,39.15001, -94.484286
29651,39.053624, -94.581606
29657,39.303774, -94.57542
29660,39.029283, -94.498021
29677,39.063699, -94.583323
29706,39.084761, -94.576146
29732,39.104366, -94.547424
29735,39.037807, -94.546416
29835,38.950933, -94.478293
29855,38.936276, -94.603763
29924,38.971462, -94.605386
29932,39.098488, -94.584405
29934,39.184283, -94.551814
29945,39.063788, -94.585673
29960,39.105252, -94.520286
29974,39.114617, -94.507902
29976,39.058255, -94.587577
29989,38.976908, -94.567199
30008,39.110855, -94.578417
30010,39.042145, -94.582315
30012,39.246994, -94.661491
30017,39.05701, -94.550043
30096,39.105153, -94.575736
30105,39.198019, -94.618362
30113,39.186163, -94.50505
30120,39.057711, -94.591008
30151,39.104992, -94.513029
30183,39.068419, -94.584002
30199,39.208894, -94.617179
30266,38.997741, -94.593148
30335,39.103507, -94.583149
30358,39.165471, -94.416315
30387,39.024967, -94.566957
30418,38.981465, -94.606619
30456,39.117795, -94.516054
30492,38.946981, -94.601644
30536,39.105211, -94.552386
30577,39.078058, -94.528774
30583,39.165553, -94.424599
30591,39.094695, -94.565028
30638,39.107221, -94.529454
30692,39.10912, -94.531703
30693,39.112641, -94.524519
30809,39.055561, -94.527173
30852,39.105252, -94.520286
30907,38.998047, -94.543666
30922,38.995063, -94.500511
30923,39.031259, -94.486784
30925,39.191505, -94.518845
30931,39.026987, -94.573804
30968,39.060861, -94.590777
30969,39.093106, -94.533265
30998,39.166562, -94.502318
31018,39.252223, -94.655534
31039,39.080076, -94.536233
31090,38.955264, -94.57787
31115,39.168396, -94.494642
31155,39.049925, -94.553884
31168,39.080166, -94.530624
31204,39.112582, -94.515179
31210,38.915417, -94.494338
31218,39.049142, -94.586916
31238,39.248559, -94.665203
31262,39.178162, -94.525884
31305,38.996148, -94.558185
31310,39.057595, -94.567788
31315,39.248754, -94.593197
31330,39.046217, -94.600647
31340,39.053555, -94.5548
31348,39.103272, -94.551193
31372,39.253986, -94.588405
31389,39.104743, -94.482021
31390,38.89203, -94.595109
31440,39.231827, -94.662208
31462,39.133074, -94.683303
31468,39.086884, -94.519716
31476,39.053907, -94.580427
31493,39.009665, -94.574737
31514,39.044398, -94.550928
31520,38.914974, -94.505658
31525,39.246435, -94.586716
31538,39.030843, -94.439078
31557,39.156913, -94.5368
31573,39.23512, -94.555828
31593,39.046635, -94.563354
31623,39.104876, -94.551117
31690,39.046624, -94.566848
31691,39.055217, -94.606269
31698,39.050711, -94.572431
31709,39.170648, -94.576747
31724,39.225067, -94.600278
31727,39.018377, -94.581237
31753,39.078521, -94.596488
31761,39.084761, -94.576146
31818,39.08213, -94.528604
31833,39.070679, -94.5208
31835,39.105252, -94.520286
31839,39.059574, -94.594864
31841,39.10912, -94.531703
31845,39.237965, -94.663559
31864,39.107707, -94.538838
31865,39.16844, -94.522812
31868,39.043583, -94.562619
31895,39.252223, -94.655534
31902,39.226067, -94.604716
31946,39.189699, -94.543867
31956,39.045808, -94.594832
31962,39.084761, -94.576146
31963,39.055921, -94.593136
31969,39.046638, -94.530793
32000,39.072251, -94.569895
32025,39.069189, -94.52413
32095,39.038953, -94.445083
32098,39.074112, -94.579875
32103,39.15001, -94.484286
32171,39.066727, -94.586115
32198,39.08213, -94.528604
32201,39.044398, -94.550928
32228,38.957217, -94.503051
32244,38.983113, -94.59465
32254,39.194382, -94.485989
32261,39.110335, -94.580974
32272,38.925152, -94.473332
32278,38.981627, -94.558719
32299,39.11451, -94.524402
32329,39.058355, -94.534982
32365,39.017453, -94.602341
32368,39.225316, -94.49055
32369,39.113361, -94.544121
32378,38.925554, -94.551769
32402,39.268874, -94.562882
32424,38.882594, -94.590812
32455,39.106225, -94.548254
32458,39.102193, -94.588307
32471,39.174772, -94.50632
32477,39.037827, -94.587193
32489,38.914091, -94.520983
32499,38.995524, -94.545362
32510,39.095295, -94.558149
32512,39.189277, -94.490074
32515,39.070629, -94.578911
32536,39.10209, -94.504026
32538,39.101072, -94.50638
32561,38.941667, -94.599173
32574,39.247931, -94.527002
32602,38.948324, -94.58345
32644,39.084761, -94.576146
32686,38.939121, -94.587421
32719,39.078432, -94.542051
32721,39.120394, -94.5622
32725,39.000057, -94.562167
32738,38.935403, -94.598222
32742,39.095545, -94.504458
32744,39.035291, -94.510765
32764,39.078738, -94.598766
32775,39.204138, -94.637436
32786,39.023946, -94.590292
32797,39.044415, -94.55302
32824,39.195983, -94.623017
32833,39.303573, -94.556813
32861,39.084761, -94.576146
32925,39.091262, -94.594599
32980,39.055322, -94.550134
33002,39.007143, -94.560231
33024,39.029991, -94.495308
33034,39.063278, -94.573336
33097,39.10111, -94.569444
33119,39.060918, -94.553301
33167,39.220806, -94.631616
33251,39.249716, -94.625767
33258,39.168396, -94.494642
33265,39.060151, -94.53144
33312,39.083366, -94.526798
33334,39.07621, -94.595458
33352,39.077921, -94.576194
33369,39.109088, -94.511598
33375,38.992819, -94.566429
33381,39.198666, -94.629789
33391,39.011714, -94.586177
33408,39.035705, -94.496433
33432,39.013902, -94.552605
33472,38.92711, -94.525099
33475,39.022048, -94.541715
33477,39.035007, -94.589632
33488,39.02195, -94.583428
33495,39.11291, -94.527097
33537,38.967119, -94.600066
33558,38.999693, -94.556822
33563,38.997741, -94.593148
33581,39.289896, -94.569701
33596,39.268874, -94.562882
33602,39.034743, -94.583428
33607,39.067457, -94.534535
33625,39.110398, -94.551615
33630,39.033059, -94.454337
33632,39.168396, -94.494642
33633,39.089571, -94.518464
33637,39.055066, -94.546735
33652,39.112471, -94.555307
33654,39.110235, -94.549331
33657,38.9426, -94.58665
33662,39.053949, -94.583926
33671,39.068419, -94.584002
33697,39.112208, -94.511753
33720,39.18879, -94.562588
33748,39.248521, -94.567386
33752,38.971462, -94.605386
33762,39.044165, -94.593389
33767,38.981126, -94.58665
33790,39.095726, -94.582297
33793,39.030507, -94.564279
33795,39.252223, -94.655534
33835,39.055149, -94.600237
33857,38.984902, -94.589958
33868,39.045943, -94.597205
33884,39.023369, -94.568201
33896,39.116116, -94.535697
33899,39.096175, -94.602555
33900,39.240905, -94.535234
33901,39.056084, -94.575923
33912,39.035834, -94.560468
33922,38.936276, -94.603763
33937,39.053572, -94.555989
33962,39.164726, -94.518755
33972,39.046635, -94.563354
33984,39.113361, -94.544121
33999,39.082082, -94.530937
34062,39.101814, -94.529129
34088,39.129864, -94.492573
34105,39.033382, -94.544496
34116,38.951764, -94.423288
34136,39.071532, -94.548652
34141,39.165244, -94.550859
34144,39.044415, -94.55302
34207,39.069548, -94.543635
34213,39.036445, -94.587261
34232,39.042476, -94.59732
34236,39.084258, -94.542924
34289,39.195654, -94.577803
34304,39.162778, -94.521532
34314,39.100293, -94.537524
34316,39.015846, -94.596143
34322,39.015846, -94.596143
34331,38.956156, -94.577784
34334,38.999772, -94.554491
34339,39.016782, -94.537276
34397,38.928194, -94.496686
34417,39.041069, -94.582361
34429,39.070635, -94.525928
34482,39.249148, -94.684033
34483,39.246068, -94.484278
34486,39.113951, -94.532461
34493,39.05949, -94.567289
34505,39.077921, -94.576194
34518,39.104485, -94.525434
34541,39.003091, -94.54851
34545,39.098611, -94.551413
34549,39.120394, -94.5622
34553,39.107163, -94.522284
34561,39.049446, -94.583849
34587,39.06078, -94.555626
34598,39.058004, -94.574373
34612,39.106424, -94.585262
34642,39.097503, -94.545513
34644,39.095901, -94.584533
34650,39.172587, -94.465395
34653,39.239236, -94.585199
34668,39.198221, -94.631556
34690,39.183701, -94.556366
34693,39.059329, -94.601481
34697,38.999772, -94.554491
34720,39.136813, -94.53148
34721,39.168396, -94.494642
34727,39.040783, -94.603542
34794,39.055853, -94.591561
34821,39.183701, -94.556366
34842,39.019821, -94.497849
34859,39.046624, -94.566848
34865,39.084761, -94.576146
34871,39.068419, -94.584002
34875,39.105088, -94.51563
34918,39.295434, -94.488365
34959,39.234723, -94.649574
34972,38.935036, -94.49676
34981,39.093177, -94.581253
34984,39.038673, -94.582489
34988,39.097503, -94.545513
34990,39.193296, -94.554024
34997,39.113253, -94.565413
34998,39.001027, -94.584457
35019,39.102357, -94.58304
35042,39.084991, -94.520989
35048,38.914974, -94.505658
35056,38.916465, -94.529816
35084,39.115038, -94.532584
35086,39.010929, -94.583723
35091,39.020019, -94.581147
35107,39.097271, -94.500823
35120,39.048068, -94.593404
35148,39.112514, -94.524525
35160,39.193296, -94.554024
35180,39.210549, -94.640371
35188,39.016042, -94.582563
35196,39.108357, -94.48315
35227,39.049559, -94.532102
35252,39.297401, -94.681712
35279,39.120394, -94.5622
35280,39.110188, -94.509453
35285,39.120394, -94.5622
35290,39.026987, -94.573804
35304,39.05644, -94.591161
35305,39.110335, -94.580974
35332,39.102357, -94.58304
35407,39.081358, -94.487331
35410,38.916011, -94.523695
35411,38.896272, -94.569845
35421,39.012725, -94.561547
35434,39.086521, -94.519741
35445,39.084761, -94.576146
35458,39.029191, -94.57833
35489,38.950527, -94.525272
35497,39.077786, -94.521381
35504,39.113249, -94.536101
35514,38.856448, -94.482032
35544,39.111575, -94.510635
35557,39.050832, -94.57583
35560,39.091262, -94.594599
35569,39.095295, -94.558149
35571,39.10209, -94.504026
35575,39.244839, -94.460838
35598,39.008453, -94.574807
35610,39.063738, -94.584478
35617,39.183179, -94.566019
35625,39.084761, -94.576146
35634,39.239225, -94.520735
35688,39.194382, -94.485989
35690,39.162653, -94.523859
35731,38.917981, -94.500946
35743,39.070852, -94.527658
35744,39.078521, -94.596488
35753,39.081836, -94.527546
35814,39.01653, -94.572098
35817,39.036445, -94.587261
35833,39.069055, -94.569675
35837,39.189586, -94.576523
35843,39.069548, -94.543635
35845,38.991294, -94.487287
35852,38.89203, -94.595109
35857,38.975323, -94.56843
35868,39.105252, -94.520286
35877,39.244341, -94.663748
35885,39.059574, -94.594864
35886,39.109648, -94.546225
35887,39.049814, -94.550424
35906,39.246439, -94.585433
35912,39.189699, -94.543867
35915,39.105534, -94.528379
35928,38.949256, -94.571785
35938,39.262946, -94.641017
35949,39.109474, -94.540308
35959,39.091626, -94.517144
35975,38.928765, -94.520553
35979,39.1127, -94.507198
35995,38.986209, -94.555081
36004,39.069055, -94.569675
36008,39.056878, -94.545431
36012,39.078302, -94.538606
36042,39.252223, -94.655534
36083,39.169072, -94.529062
36084,39.179497, -94.533673
36154,39.102054, -94.544287
36173,39.048562, -94.567908
36194,39.010167, -94.58631
36204,39.032829, -94.454003
36218,38.925152, -94.473332
36224,38.937977, -94.508735
36236,39.039822, -94.595596
36244,39.030232, -94.560776
36257,39.040665, -94.595263
36270,39.0092, -94.495925
36276,39.120394, -94.5622
36283,38.924554, -94.501691
36285,39.222478, -94.601507
36353,39.104451, -94.549854
36359,39.188055, -94.508419
36424,39.276383, -94.472962
36433,39.068419, -94.584002
36435,39.05663, -94.587527
36446,39.110855, -94.578417
36469,38.991953, -94.54788
36502,39.069189, -94.52413
36505,39.293202, -94.676047
36518,39.240231, -94.664812
36529,39.096175, -94.602555
36548,39.245169, -94.566679
36553,39.101059, -94.590005
36562,39.017448, -94.602524
36563,39.204138, -94.637436
36577,38.971462, -94.605386
36580,39.268543, -94.569574
36676,38.981126, -94.58665
36679,39.101226, -94.54913
36685,39.096973, -94.539979
36724,38.910873, -94.567714
36767,39.247731, -94.631076
36829,38.962041, -94.497609
36833,39.29987, -94.570672
36834,39.159498, -94.539324
36837,39.110855, -94.578417
36838,39.046132, -94.550632
36864,39.24052, -94.585445
36887,39.072294, -94.571264
36894,39.056419, -94.479484
36897,38.995524, -94.545362
36907,39.102193, -94.588307
36911,39.11285, -94.57686
36927,38.991459, -94.601124
36937,39.242051, -94.461697
36947,39.133074, -94.683303
36959,39.060322, -94.58934
36981,39.054143, -94.605153
36993,39.244855, -94.462098
37036,39.120394, -94.5622
37103,39.240905, -94.535234
37105,38.94293, -94.459535
37144,38.9328, -94.588708
37163,39.168919, -94.496877
37186,39.082596, -94.538402
37203,39.077786, -94.521381
37208,38.921069, -94.548247
37216,39.114617, -94.507902
37265,39.051244, -94.588937
37296,39.107163, -94.522284
37316,39.043842, -94.594611
37334,38.948153, -94.515964
37337,39.069842, -94.55284
37398,39.198221, -94.631556
37418,39.022011, -94.436088
37425,38.979799, -94.487039
37459,39.240231, -94.664812
37498,39.069611, -94.54936
37499,39.060333, -94.535792
37512,39.098842, -94.550832
37519,39.011714, -94.586177
37521,39.186547, -94.535746
37541,38.98117, -94.571477
37580,39.082902, -94.549899
37610,39.042091, -94.583409
37618,39.003748, -94.542655
37649,39.285011, -94.478469
37659,39.069189, -94.52413
37662,39.234723, -94.649574
37670,39.084761, -94.576146
37713,38.982754, -94.580749
37722,39.083386, -94.523181
37723,39.001027, -94.584457
37725,39.065659, -94.539222
37742,39.022382, -94.540411
37749,39.188493, -94.525542
37754,39.154068, -94.557092
37778,39.11233, -94.515195
37784,38.93515, -94.558224
37813,39.080707, -94.551994
37825,39.055066, -94.546735
37826,39.110892, -94.565725
37854,39.10912, -94.531703
37912,39.189277, -94.490074
37913,39.078072, -94.580835
37916,39.040806, -94.604705
37932,38.994276, -94.596402
37969,39.017448, -94.602524
37998,39.069842, -94.55284
38005,39.252223, -94.655534
38023,39.162699, -94.531465
38025,39.071815, -94.557202
38048,38.999772, -94.554491
38054,39.0264, -94.55327
38076,39.162778, -94.521532
38084,39.053044, -94.590339
38110,39.074262, -94.575215
38122,39.02195, -94.583428
38167,39.086521, -94.519741
38175,39.294254, -94.47429
38199,38.938601, -94.525641
38202,39.202813, -94.525502
38214,38.992898, -94.564823
38229,39.10996, -94.57459
38240,39.202682, -94.526794
38242,39.265021, -94.659395
38264,39.098611, -94.551413
38276,39.068419, -94.584002
38280,39.102357, -94.58304
38283,39.095545, -94.504458
38314,39.168396, -94.494642
38326,39.110678, -94.582694
38329,38.956156, -94.577784
38339,39.111421, -94.546087
38340,39.110235, -94.549331
38417,39.108661, -94.580626
38428,39.038949, -94.554257
38449,39.300816, -94.477153
38452,38.992134, -94.55019
38462,39.112514, -94.524525
38495,39.05644, -94.591161
38529,38.948961, -94.605457
38530,39.01549, -94.546438
38533,39.084761, -94.576146
38544,39.035705, -94.496433
38549,39.05608, -94.572115
38560,39.16669, -94.570898
38594,39.079533, -94.520099
38610,39.068365, -94.582777
38616,39.266407, -94.62401
38622,39.108781, -94.544489
38633,38.991554, -94.575658
38642,39.213881, -94.634404
38667,38.971462, -94.605386
38668,39.234723, -94.649574
38669,39.162207, -94.550141
38684,39.004725, -94.565444
38694,38.951764, -94.423288
38698,39.252223, -94.655534
38733,39.068014, -94.586682
38734,39.201088, -94.599435
38750,39.07546, -94.596711
38762,39.100155, -94.592275
38788,39.102419, -94.511211
38796,39.095393, -94.594432
38804,39.068958, -94.524534
38819,39.237048, -94.659866
38825,39.049142, -94.586916
38826,39.168042, -94.576317
38829,39.10003, -94.585827
38836,39.246439, -94.585433
38837,39.213895, -94.611957
38856,39.089109, -94.581443
38864,39.088022, -94.556606
38933,39.081278, -94.574843
38960,39.116116, -94.535697
38972,39.060134, -94.588208
38987,39.073369, -94.554989
39013,39.045943, -94.597205
39026,38.942692, -94.515647
39041,38.981126, -94.58665
39048,38.914974, -94.505658
39054,39.021026, -94.559028
39097,39.116116, -94.535697
39112,39.013852, -94.590632
39119,38.939121, -94.587421
39135,39.060861, -94.590777
39138,39.083897, -94.579011
39140,38.99174, -94.598676
39151,39.240993, -94.676553
39202,39.022048, -94.541715
39217,39.168396, -94.494642
39221,39.299893, -94.573502
39225,39.017448, -94.602524
39253,39.22925, -94.623848
39272,39.158848, -94.543047
39273,38.932778, -94.562687
39322,39.162653, -94.523859
39331,39.055853, -94.591561
39339,39.0469, -94.566829
39369,39.193296, -94.554024
39390,38.925152, -94.473332
39409,39.02885, -94.576031
39451,39.103698, -94.479554
39486,39.248754, -94.593197
39489,39.069133, -94.529857
39509,39.063169, -94.593871
39510,39.053044, -94.590339
39566,38.992819, -94.566429
39571,39.081789, -94.525567
39592,39.027012, -94.424333
39604,39.129036, -94.505061
39606,38.953573, -94.535256
39631,39.035715, -94.561641
39647,39.063699, -94.583323
39653,39.120394, -94.5622
39664,39.077485, -94.56867
39668,38.993048, -94.573297
39672,39.02693, -94.571484
39685,39.050832, -94.57583
39689,39.246884, -94.647816
39700,39.067408, -94.532855
39706,39.243863, -94.650395
39726,39.06576, -94.524766
39754,39.276383, -94.472962
39784,39.049702, -94.524416
39788,39.002557, -94.556685
39789,39.129864, -94.492573
39834,39.112253, -94.554499
39836,39.053949, -94.583926
39840,39.189277, -94.490074
39860,39.064055, -94.540473
39868,39.038673, -94.582489
39891,39.120394, -94.5622
39894,39.112762, -94.528131
39906,39.060861, -94.590777
39909,39.030577, -94.527174
39913,38.948112, -94.57817
39933,38.992474, -94.595216
39937,39.057357, -94.55689
39946,39.090825, -94.552223
39954,39.012345, -94.55375
39972,39.293112, -94.582313
39981,39.069548, -94.543635
39985,39.053949, -94.583926
40031,38.999727, -94.507804
40057,39.107403, -94.534113
40064,38.979799, -94.487039
40068,39.242051, -94.461697
40089,39.020063, -94.420775
40090,39.05663, -94.587527
40147,39.033382, -94.544496
40171,39.039363, -94.600989
40238,39.042145, -94.582315
40245,39.091041, -94.564575
40249,39.003233, -94.596609
40257,39.216378, -94.526616
40278,39.102054, -94.544287
40280,39.049559, -94.532102
40296,39.013852, -94.590632
40317,39.035007, -94.589632
40328,39.155633, -94.557173
40358,39.104813, -94.591995
40396,38.984902, -94.589958
40425,38.910873, -94.567714
40429,39.172053, -94.576734
40431,39.040665, -94.595263
40441,39.011849, -94.430698
40519,38.93704, -94.44767
40531,39.072013, -94.565446
40533,39.113361, -94.544121
40567,39.234133, -94.541616
40572,38.928194, -94.496686
40583,39.070679, -94.5208
40584,39.046508, -94.52544
40623,39.223627, -94.669574
40625,39.100114, -94.588419
40635,39.07625, -94.525882
40639,39.16928, -94.477801
40640,39.044787, -94.591419
40662,39.051509, -94.589152
40667,39.012891, -94.565412
40724,39.069553, -94.553372
40726,38.923191, -94.495162
40743,39.088785, -94.599571
40758,39.024967, -94.566957
40770,38.997741, -94.593148
40847,39.120394, -94.5622
40858,39.052906, -94.534111
40866,39.063699, -94.583323
40883,39.202084, -94.641111
40892,39.069553, -94.553372
40898,39.168396, -94.494642
40920,39.020229, -94.582117
40925,39.030577, -94.527174
40930,39.053044, -94.590339
40932,39.110855, -94.578417
40948,38.94293, -94.459535
40950,39.03207, -94.464909
40990,39.070827, -94.58533
41013,39.05423, -94.573687
41027,39.045047, -94.471556
41030,39.110433, -94.517622
41036,39.056084, -94.575923
41059,39.071132, -94.541274
41071,38.95084, -94.605867
41081,38.992898, -94.564823
41130,38.936276, -94.603763
41139,39.036445, -94.587261
41150,39.246439, -94.585433
41160,38.984902, -94.589958
41188,39.012891, -94.565412
41200,39.10367, -94.548234
41237,39.084761, -94.576146
41238,39.053044, -94.590339
41298,39.110855, -94.578417
41317,38.953573, -94.535256
41341,38.991554, -94.575658
41361,39.042145, -94.582315
41404,39.060656, -94.601097
41416,38.909322, -94.500853
41419,39.102357, -94.58304
41425,39.065524, -94.534636
41433,39.034489, -94.582699
41437,39.001009, -94.542569
41468,39.087258, -94.587583
41481,39.043364, -94.567203
41496,39.043583, -94.562619
41507,39.246439, -94.585433
41537,39.095545, -94.504458
41561,39.089109, -94.581443
41609,39.107672, -94.545937
41631,39.194382, -94.485989
41640,39.249028, -94.662955
41646,39.251819, -94.698089
41651,39.019685, -94.570088
41673,39.102357, -94.58304
41687,39.058196, -94.584828
41718,39.03207, -94.464909
41726,38.961569, -94.488864
41750,39.110678, -94.582694
41759,39.075901, -94.514944
41784,38.992898, -94.564823
41798,39.082596, -94.538402
41854,39.037364, -94.487512
41859,39.077786, -94.521381
41875,39.030232, -94.560776
41895,39.10996, -94.57459
41899,39.105487, -94.527068
41915,39.058355, -94.534982
41935,39.227036, -94.46947
41939,39.051502, -94.582898
41952,38.985528, -94.56204
41983,39.02693, -94.571484
41984,39.083366, -94.526798
41988,39.074406, -94.579352
42007,39.03875, -94.456507
42009,39.17457, -94.544478
42028,39.207904, -94.601165
42033,38.9129, -94.512735
42036,39.049142, -94.586916
42037,39.042145, -94.582315
42053,39.190621, -94.567057
42058,38.907653, -94.603052
42080,39.246439, -94.585433
42094,39.174068, -94.549016
42107,39.060861, -94.590777
42172,39.083366, -94.526798
42197,39.039571, -94.445656
42209,39.038953, -94.445083
42228,39.025632, -94.53321
42234,39.084761, -94.576146
42281,39.020581, -94.592809
42300,39.004725, -94.565444
42326,39.073802, -94.552451
42334,39.168919, -94.496877
42344,38.951764, -94.423288
42379,38.986978, -94.59892
42382,39.010392, -94.551605
42394,39.112123, -94.509353
42410,39.095486, -94.502165
42413,39.04069, -94.597799
42433,38.969204, -94.514901
42436,39.111421, -94.546087
42472,39.106162, -94.579373
42484,38.926472, -94.593771
42518,39.109519, -94.555481
42549,39.16928, -94.477801
42555,38.992474, -94.595216
42562,38.993711, -94.418329
42563,39.082902, -94.549899
42581,39.252223, -94.655534
42609,39.049458, -94.527871
42623,38.988193, -94.492303
42624,39.073369, -94.554989
42633,39.110855, -94.578417
42637,39.10209, -94.504026
42720,39.240979, -94.639315
42727,38.970664, -94.59528
42761,39.177243, -94.522304
42775,39.045619, -94.58743
42824,39.091262, -94.594599
42831,38.9821, -94.565744
42833,39.007141, -94.559903
42883,39.008453, -94.574807
42957,39.246439, -94.585433
42965,39.234723, -94.649574
42999,39.065478, -94.589817
43001,39.189277, -94.490074
43019,39.044398, -94.550928
43047,39.237827, -94.631863
43063,39.084761, -94.576146
43073,39.233935, -94.676145
43104,39.056624, -94.587312
43115,39.248327, -94.572135
43178,39.021026, -94.559028
43181,39.110433, -94.517622
43203,39.311628, -94.689466
43213,39.067489, -94.535697
43216,39.113361, -94.544121
43247,39.013852, -94.590632
43250,38.959614, -94.500215
43253,39.000075, -94.586308
43257,39.116116, -94.535697
43283,39.189699, -94.543867
43286,39.104823, -94.508901
43304,39.086884, -94.519716
43314,39.01165, -94.4436
43411,38.988193, -94.492303
43427,39.044612, -94.606635
43476,39.239766, -94.571175
43500,39.060045, -94.585902
43511,39.120394, -94.5622
43544,39.055149, -94.600237
43564,39.07254, -94.577655
43588,39.109328, -94.561911
43598,39.10367, -94.548234
43618,39.225067, -94.600278
43620,38.925152, -94.473332
43660,39.000595, -94.575199
43676,39.019707, -94.59312
43691,39.263824, -94.56805
43712,39.107403, -94.534113
43725,39.298908, -94.564841
43733,39.065524, -94.534636
43755,39.168657, -94.551521
43807,39.077752, -94.575039
43838,39.248327, -94.572135
43872,39.10209, -94.504026
43885,38.951011, -94.427298
43888,39.038949, -94.554257
43891,39.10018, -94.590262
43945,39.013902, -94.552605
43982,39.169144, -94.574828
43986,39.102357, -94.58304
44020,39.063649, -94.582042
44054,39.045619, -94.58743
44147,39.059574, -94.594864
44149,39.11233, -94.515195
44152,38.983817, -94.563403
44159,39.220827, -94.585375
44164,39.05608, -94.572115
44169,39.069377, -94.523636
44171,39.055032, -94.461219
44179,39.092938, -94.593533
44204,39.037573, -94.563874
44210,39.265021, -94.659395
44261,39.069557, -94.478006
44317,39.070629, -94.578911
44391,39.043481, -94.571377
44395,39.036445, -94.587261
44403,39.104654, -94.588213
44405,39.007405, -94.545955
44441,39.220585, -94.670193
44469,39.066727, -94.586115
44496,39.041069, -94.582361
44497,39.053044, -94.590339
44507,39.268874, -94.562882
44549,38.948352, -94.49102
44581,39.103603, -94.589874
44610,39.105088, -94.51563
44653,39.063649, -94.582042
44657,39.252223, -94.655534
44666,39.077786, -94.521381
44696,39.03473, -94.517991
44710,39.246439, -94.585433
44734,38.985736, -94.562774
44740,39.168396, -94.494642
44751,38.919774, -94.50853
44777,39.069189, -94.52413
44792,39.097678, -94.516879
44801,39.110678, -94.582694
44804,39.226209, -94.587058
44821,39.024694, -94.559949
44834,39.088785, -94.599571
44859,39.053572, -94.555989
44873,39.249016, -94.565385
44883,38.971462, -94.605386
44902,39.186547, -94.535746
44907,39.033724, -94.557093
44916,39.045619, -94.58743
44939,39.069377, -94.523636
44940,38.985736, -94.562774
44957,39.165244, -94.550859
44962,39.060861, -94.590777
44967,39.194026, -94.563846
44970,39.115038, -94.532584
44973,39.026405, -94.55635
44995,38.914974, -94.505658
44997,39.101814, -94.529129
45030,39.062233, -94.584217
45045,39.106424, -94.585262
45050,39.049814, -94.550424
45058,39.245408, -94.500032
45085,39.108661, -94.580626
45088,38.973892, -94.502013
45100,38.973985, -94.503713
45158,38.981126, -94.58665
45171,39.246439, -94.585433
45193,39.104813, -94.591995
45225,39.030507, -94.564279
45226,39.102357, -94.58304
45275,39.220585, -94.670193
45286,38.953105, -94.490604
45310,39.052817, -94.532946
45319,38.948038, -94.419102
45322,39.056419, -94.479484
45337,39.036445, -94.587261
45361,39.105211, -94.552386
45408,39.030232, -94.560776
45411,38.981696, -94.605171
45427,39.021427, -94.569476
45433,39.069121, -94.585387
45435,39.034743, -94.583428
45439,39.068419, -94.584002
45453,39.091036, -94.50548
45504,39.069192, -94.577422
45515,39.042145, -94.582315
45533,39.05423, -94.573687
45567,39.087944, -94.589313
45571,38.944209, -94.412217
45657,39.084761, -94.576146
45662,39.083366, -94.526798
45667,38.962041, -94.497609
45682,39.110678, -94.582694
45683,39.049458, -94.527871
45688,39.060151, -94.53144
45704,39.0092, -94.495925
45760,39.108799, -94.521236
45767,39.035834, -94.560468
45818,39.044612, -94.606635
45830,39.245303, -94.458689
45881,39.052858, -94.591462
45894,39.001027, -94.584457
45904,38.949534, -94.520649
45912,39.051502, -94.582898
45917,38.986978, -94.59892
45928,38.997271, -94.505315
45934,39.007141, -94.559903
45939,39.036168, -94.515817
45952,39.057357, -94.55689
45957,39.065478, -94.589817
45960,39.129864, -94.492573
45976,39.049446, -94.583849
45987,39.072332, -94.520726
46005,39.264957, -94.536838
46034,39.246439, -94.585433
46041,38.997363, -94.588123
46047,39.056084, -94.575923
46050,39.055217, -94.606269
46110,39.079669, -94.520094
46116,38.910992, -94.503978
46124,39.069548, -94.543635
46129,39.050517, -94.533949
46156,39.083897, -94.579011
46166,39.019046, -94.54871
46207,39.056586, -94.586109
46214,39.083366, -94.526798
46222,39.043842, -94.594611
46229,39.03207, -94.464909
46247,39.091626, -94.517144
46262,38.981378, -94.592807
46295,39.021668, -94.485443
46302,39.02195, -94.583428
46328,39.240979, -94.639315
46336,39.030759, -94.491765
46345,39.305097, -94.683875
46359,39.040779, -94.588826
46397,39.018661, -94.390853
46416,39.090988, -94.585998
46426,39.275858, -94.452013
46432,39.003091, -94.54851
46437,39.110398, -94.551615
46442,39.100817, -94.583116
46462,39.065524, -94.534636
46464,38.96078, -94.430986
46473,39.063738, -94.584478
46484,39.065478, -94.589817
46502,39.107403, -94.534113
46506,38.975346, -94.597127
46513,39.240633, -94.460931
46520,38.946186, -94.414735
46538,39.08039, -94.478775
46540,39.040497, -94.591691
46544,39.042145, -94.582315
46552,39.024694, -94.559949
46564,39.172587, -94.465395
46575,39.084761, -94.576146
46589,39.207904, -94.601165
46598,38.987189, -94.557459
46606,39.104813, -94.591995
46649,39.16928, -94.477801
46658,39.077921, -94.576194
46669,39.098145, -94.532002
46687,39.130217, -94.50056
46699,38.935557, -94.589346
46735,39.100795, -94.581248
46746,39.028631, -94.484393
46754,39.242051, -94.461697
46763,39.172446, -94.529638
46764,39.044348, -94.603411
46771,39.084761, -94.576146
46783,39.112368, -94.516343
46793,38.969185, -94.499784
46796,39.273974, -94.665975
46806,38.975323, -94.56843
46823,39.012632, -94.559468
46830,39.248015, -94.593988
46838,39.305097, -94.683875
46843,39.170502, -94.538583
46847,39.106722, -94.536451
46850,39.042792, -94.554257
46852,39.101814, -94.529129
46861,39.030214, -94.558438
46893,39.217307, -94.619557
46899,39.18411, -94.532541
46901,39.07939, -94.527685
46903,38.96396, -94.485845
46909,38.937345, -94.591585
46922,39.030194, -94.559609
46932,38.953123, -94.488607
46945,39.063335, -94.487221
46955,39.052838, -94.536443
46960,39.069189, -94.52413
46969,39.030214, -94.558438
46976,39.248015, -94.593988
46990,39.030709, -94.575917
47019,38.992898, -94.564823
47032,39.108079, -94.593491
47061,39.065585, -94.535786
47064,38.975323, -94.56843
47065,39.019821, -94.497849
47076,39.042792, -94.554257
47106,39.273974, -94.665975
47114,39.113336, -94.546182
47126,39.061151, -94.591933
47138,39.070631, -94.579239
47153,38.908906, -94.507115
47155,39.025888, -94.481255
47174,39.100542, -94.582039
47188,39.184453, -94.505076
47193,39.074112, -94.579875
47208,39.063845, -94.587401
47229,39.173234, -94.590937
47236,38.994675, -94.542795
47237,39.098611, -94.551413
47248,39.110855, -94.578417
47267,38.997621, -94.564502
47280,39.054717, -94.531695
47308,39.036383, -94.469457
47321,38.953273, -94.526768
47370,39.130217, -94.50056
47383,39.056032, -94.570826
47391,39.030198, -94.556104
47418,38.958984, -94.480253
47420,39.092995, -94.598043
47451,39.175782, -94.569302
47455,39.063845, -94.587401
47463,39.074768, -94.549109
47464,39.036445, -94.587261
47468,39.056192, -94.474814
47469,39.081694, -94.549956
47477,39.019821, -94.497849
47481,38.929141, -94.52293
47511,39.100542, -94.582039
47520,39.072334, -94.57394
47535,39.030838, -94.483492
47548,39.098611, -94.551413
47550,38.997621, -94.564502
47581,38.997621, -94.564502
47594,39.081694, -94.549956
47597,39.223347, -94.677796
47616,39.022843, -94.505041
47617,39.063649, -94.582042
47632,39.05069, -94.593435
47653,39.066299, -94.579152
47662,39.152308, -94.577711
47673,38.994022, -94.499221
47679,38.991378, -94.571061
47704,38.994675, -94.542795
47721,39.170502, -94.538583
47747,39.006743, -94.602923
47760,39.058124, -94.530381
47767,39.245784, -94.565565
47784,39.213665, -94.628708
47786,39.130848, -94.52161
47788,38.997741, -94.593148
47831,38.975323, -94.56843
47848,38.969185, -94.499784
47863,39.019151, -94.599826
47873,39.108611, -94.515423
47885,39.043982, -94.535743
47887,39.067201, -94.525801
47892,39.184283, -94.551814
47901,39.070293, -94.566823
47930,39.184453, -94.505076
47937,39.18411, -94.532541
47942,39.111084, -94.556854
47944,39.070631, -94.579239
47953,39.100736, -94.553634
47978,38.944361, -94.491134
47982,39.315115, -94.671276
47984,39.030194, -94.559609
48013,39.065318, -94.579765
